{
    "best_model": "Omar-youssef/QA_FineTuned_Arabert_1/checkpoint-1380",
    "epoch": 65.0,
    "eval_exact_match": 0.3944954128440367,
    "eval_f1": 0.6406261313848467,
    "eval_pRR": 0.6547796051231932,
    "eval_samples": 109,
    "seed": 15,
    "total_flos": 1.20588453233664e+16,
    "total_steps": 3900,
    "train_loss": 0.1261795377272826,
    "train_runtime": 3532.2843,
    "train_samples": 710,
    "train_samples_per_second": 13.065,
    "train_steps_per_second": 1.104
}